Model,Dataset,AUROC,AUPRC,Optimal Threshold,Accuracy,F1 Score,Precision,Recall,Sensitivity,Specificity,PPV,NPV
Logistic Regression,External Test,0.83627,0.7224,0.32841,0.78324,0.63054,0.57658,0.69565,0.69565,0.81496,0.57658,0.88085
Random Forest,External Test,0.85743,0.74599,0.57,0.82803,0.57651,0.83505,0.44022,0.44022,0.9685,0.83505,0.82689
LightGBM,External Test,0.84124,0.71713,0.9733,0.78902,0.35965,0.93182,0.22283,0.22283,0.99409,0.93182,0.77932
XGBoost,External Test,0.85078,0.7441,0.93558,0.81792,0.50394,0.91429,0.34783,0.34783,0.98819,0.91429,0.80707
