Model,Dataset,AUROC,AUPRC,Optimal Threshold,Accuracy,F1 Score,Precision,Recall,Sensitivity,Specificity,PPV,NPV
Logistic Regression,Internal Test,0.8783,0.75367,0.30189,0.84971,0.72917,0.68627,0.77778,0.77778,0.875,0.68627,0.91803
Random Forest,Internal Test,0.91111,0.82258,0.61,0.84393,0.6087,0.875,0.46667,0.46667,0.97656,0.875,0.83893
LightGBM,Internal Test,0.88524,0.78603,0.97262,0.79191,0.33333,1.0,0.2,0.2,1.0,1.0,0.78049
XGBoost,Internal Test,0.87986,0.75422,0.93587,0.82081,0.50794,0.88889,0.35556,0.35556,0.98438,0.88889,0.8129
